"Timestamp","Give you confidence levels of the following statements below: [I am comfortable using the documentation of my HPC center]","Give you confidence levels of the following statements below: [I am comfortable using a Python book]","Give you confidence levels of the following statements below: [I am comfortable learning Python]","Give you confidence levels of the following statements below: [I can load a Python version on my HPC cluster]","Give you confidence levels of the following statements below: [I can describe what the Python interpreter is]","Give you confidence levels of the following statements below: [I can use a text editor on my HPC cluster]","Give you confidence levels of the following statements below: [I can create a Python script]","Give you confidence levels of the following statements below: [I can run a Python script]","Give you confidence levels of the following statements below: [I can run a Python script that uses a graphical library on an HPC cluster]","Give you confidence levels of the following statements below: [I can create and use a variable in Python]","Give you confidence levels of the following statements below: [I can convert a simple equation to Python code]","Give you confidence levels of the following statements below: [I can convert a simple text question to Python code]","Give you confidence levels of the following statements below: [I can read and write to/from a file in Python]"
"2025/11/27 9:15:24 am CET","2","0","1","1","0","1","0","0","0","0","0","0","1"
"2025/11/27 9:15:41 am CET","4","3","4","1","1","5","5","4","2","5","3","3","4"
"2025/11/27 9:16:01 am CET","3","3","4","4","4","4","3","4","3","3","3","3","3"
"2025/11/27 9:16:04 am CET","4","4","5","5","2","5","5","5","2","5","5","4","4"
"2025/11/27 9:16:22 am CET","0","2","5","1","1","0","5","5","0","5","5","5","5"
"2025/11/27 9:17:01 am CET","1","5","4","1","4","0","4","4","0","5","5","5","5"
"2025/11/27 9:17:34 am CET","4","5","5","5","2","4","5","5","0","5","4","4","5"
"2025/11/27 9:20:07 am CET","5","","5","3","4","4","4","4","2","3","3","3","3"
"2025/11/27 11:31:10 am CET","3","2","4","4","2","","2","4","4","2","2","2","4"