timestamp,email
2025-10-01T13:08:39Z,126a97d98fcdad1b075be03d2602b075
2025-10-02T13:17:01Z,fd70e0fecd77e0208172bc696dba0f05
2025-10-08T11:53:16Z,5d2ff48efbfa1c69607710afe82de94f
2025-10-08T11:55:29Z,1d7e02a4a54b7324b4ddb2a5600363eb
2025-10-08T11:55:54Z,6fba7914d65c135db768c78a7d915c02
2025-10-08T11:59:24Z,bd5155db405beacf282057879d63218f
2025-10-08T12:53:41Z,4d2002ce8ffe0591ca8541944f222fc4
2025-10-08T13:09:01Z,0847d09e0caa1a71bba52ba9b0fcd326
2025-10-08T13:14:36Z,eb73e627481d2118927f7fc29bcc4d66
2025-10-08T13:52:31Z,185f353a63a0fe645127ba7a026ce101
2025-10-08T14:27:09Z,582211d4c65224d50f8b4d2eefba29ab
2025-10-08T15:56:37Z,621d55089034ce938f25eb7828fb7c3f
2025-10-08T17:44:00Z,a55dee3f2ec729efd3a9d0745e28cc29
2025-09-11T11:14:28Z,0ecd6a9f897e03ff8fccdd9b587b2e2c
2025-09-16T11:37:02Z,2777e0bc4bf2ec42d61d4e4653f12e36
2025-09-17T18:41:41Z,f5205585bffb00e8ce75851996fdc1f1
2025-09-18T09:49:54Z,374b72de5b1f11c63a94c0b6dc75f65e
2025-09-18T10:52:25Z,1dd3bf0b57e8fe74445495e56a93e722
2025-09-18T10:57:32Z,2f7a25d1aeca71fa70f9610380caac69
2025-09-18T10:59:52Z,933550afae6cfd5a7a934aa2be05c7d6
2025-09-18T15:48:52Z,1f4a1331abb7d9f6d67259ce37ecf82c
2025-09-18T15:49:37Z,0acbd1b87d4d39026fb1934feee419c2
2025-09-22T13:44:43Z,a7c07a38999739b332943d3a44319802
2025-09-22T16:43:05Z,9caa8b337349c50aa14f4da5f86f2ba6
2025-09-23T09:29:54Z,1b2f2ecd51e930594be4e00768a4d596
2025-09-23T10:48:50Z,c515042c675bfd4502b07f7994538d19
2025-09-24T16:55:44Z,5c271412c93c84316470b5f62d3ed692
2025-09-24T16:56:48Z,9abbdcdcb86166aeaa46baac5fb44d2c
2025-09-24T16:58:27Z,69e681e4a2dc8c7616681d4056ec0369
2025-09-26T13:37:49Z,70d70fe9b75d4561fc209cd5c497c0f9
